ISO,Country,Sector,Gas,Unit,2020,2019,2018,2017,2016,2015,2014,2013,2012,2011,2010,2009,2008,2007,2006,2005,2004,2003,2002,2001,2000,1999,1998,1997,1996,1995,1994,1993,1992,1991,1990,Latitude (average),Longitude (average)
AFG,Afghanistan,Agriculture,All GHG,MtCO₂e,15.15,14.48,14.84,15.21,15.3,15.54,16.22,15.72,15.78,15.9,15.79,13.86,13.4,12.12,12.05,12.07,11.77,11.89,11.53,9.28,10.99,12.79,11.75,10.95,9.98,8.95,8.52,8.48,8.4,8.39,8.07,33.0,65.0
AGO,Angola,Agriculture,All GHG,MtCO₂e,34.1,36.1,32.28,36.0,35.34,35.26,33.9,35.05,34.04,35.84,34.75,33.11,32.99,34.77,32.56,35.24,35.66,35.53,31.14,28.93,28.31,27.47,29.63,26.79,27.16,29.96,30.07,30.09,30.22,30.12,30.04,-12.5,18.5
ALB,Albania,Agriculture,All GHG,MtCO₂e,2.59,2.85,2.98,3.14,3.22,3.19,3.14,3.1,3.13,3.09,3.07,3.06,3.17,3.41,3.54,3.64,3.65,3.79,3.75,3.67,3.77,3.67,3.66,3.76,4.03,4.35,4.29,3.4,3.18,3.25,3.56,41.0,20.0
AND,Andorra,Agriculture,All GHG,MtCO₂e,0.0,0.0,0.0,0.0,0.0,0.0,0.0,0.0,0.0,0.0,0.0,0.0,0.0,0.0,0.0,0.0,0.0,0.0,0.0,0.0,0.0,0.0,0.0,0.0,0.0,0.0,0.0,0.0,0.0,0.0,0.0,42.5,1.6
ARE,United Arab Emirates,Agriculture,All GHG,MtCO₂e,2.08,2.06,2.04,2.03,1.99,1.96,1.88,1.78,1.63,1.65,1.65,1.81,1.63,1.54,1.48,1.43,1.3,1.3,1.23,1.13,1.08,1.05,0.98,0.93,0.89,0.83,0.78,0.71,0.67,0.6,0.54,24.0,54.0
ARG,Argentina,Agriculture,All GHG,MtCO₂e,134.6,132.76,130.85,132.32,126.01,121.85,122.45,121.32,118.41,116.43,116.15,123.05,133.55,136.16,133.19,129.89,130.36,129.25,119.18,115.57,116.41,114.05,111.73,114.82,115.29,117.67,118.34,116.76,118.65,117.01,118.23,-34.0,-64.0
ARM,Armenia,Agriculture,All GHG,MtCO₂e,1.73,1.72,1.75,1.87,2.33,1.78,1.66,1.69,1.55,1.36,1.34,1.4,1.41,1.43,1.56,1.24,1.25,1.17,1.17,1.06,1.03,1.02,1.02,1.09,1.1,1.09,1.11,1.18,1.35,1.49,1.55,40.0,45.0
ATG,Antigua and Barbuda,Agriculture,All GHG,MtCO₂e,0.02,0.02,0.02,0.02,0.02,0.02,0.02,0.02,0.02,0.02,0.02,0.04,0.04,0.05,0.05,0.05,0.05,0.04,0.04,0.04,0.04,0.04,0.04,0.04,0.04,0.04,0.04,0.04,0.04,0.04,0.04,17.05,-61.8
AUS,Australia,Agriculture,All GHG,MtCO₂e,104.09,128.56,159.59,163.36,120.14,151.71,160.07,138.1,219.03,220.14,115.77,139.34,132.26,165.02,174.94,137.26,180.36,136.1,215.15,229.63,211.08,194.1,162.53,155.54,157.01,166.39,169.14,167.65,170.13,173.57,175.29,-27.0,133.0
AUT,Austria,Agriculture,All GHG,MtCO₂e,7.2,7.18,7.33,7.46,7.54,7.55,7.47,7.41,7.38,7.67,7.48,7.37,7.76,7.47,7.51,7.58,7.64,7.66,8.08,8.11,8.19,8.33,8.4,8.61,8.67,8.68,9.08,9.19,9.54,9.77,9.83,47.3333,13.3333
AZE,Azerbaijan,Agriculture,All GHG,MtCO₂e,7.87,7.59,7.41,7.18,7.32,7.41,6.98,6.89,6.82,6.7,6.63,6.6,6.49,6.22,6.14,5.87,5.74,5.51,5.31,5.1,4.76,4.66,4.49,4.34,4.1,4.1,4.08,4.36,4.72,5.46,5.66,40.5,47.5
BDI,Burundi,Agriculture,All GHG,MtCO₂e,2.46,2.62,3.02,2.97,2.48,2.18,2.22,2.26,1.92,1.89,1.74,1.56,1.44,1.34,1.29,1.2,1.16,1.1,1.07,1.1,1.08,1.07,1.05,1.14,1.1,1.12,1.09,1.19,1.23,1.21,1.2,-3.5,30.0
BEL,Belgium,Agriculture,All GHG,MtCO₂e,9.35,9.4,9.44,9.34,9.6,9.77,9.67,9.5,9.61,9.75,9.84,9.8,9.65,9.77,9.78,9.94,10.08,10.24,10.65,10.08,10.22,11.61,11.19,11.28,11.51,11.49,11.33,11.37,11.43,11.63,11.56,50.8333,4.0
BEN,Benin,Agriculture,All GHG,MtCO₂e,5.89,5.95,5.58,5.15,5.24,4.93,4.93,5.01,4.75,4.66,4.51,4.43,4.27,4.6,4.45,4.83,4.09,4.23,4.57,4.01,4.88,4.42,4.57,4.31,4.11,3.33,3.57,3.31,3.29,3.24,3.11,9.5,2.25
BFA,Burkina Faso,Agriculture,All GHG,MtCO₂e,24.28,23.59,23.24,23.03,22.83,21.69,21.46,21.15,20.52,20.45,20.26,19.36,18.81,18.32,17.96,18.28,17.72,17.25,13.95,13.3,14.19,13.16,12.86,12.74,12.21,11.67,11.34,11.06,10.85,10.6,10.2,13.0,-2.0
BGD,Bangladesh,Agriculture,All GHG,MtCO₂e,86.19,85.44,85.12,84.36,81.76,83.63,82.95,81.81,81.53,82.07,80.7,79.35,79.29,75.07,74.64,73.05,71.23,72.02,72.24,70.95,70.72,70.17,67.24,67.85,67.98,67.98,66.16,65.03,64.9,64.33,63.79,24.0,90.0
BGR,Bulgaria,Agriculture,All GHG,MtCO₂e,5.59,5.45,5.4,5.5,5.54,5.32,5.22,5.06,4.8,5.6,4.95,5.16,4.97,4.85,4.55,5.01,5.54,5.75,5.55,5.3,5.29,5.18,5.15,5.34,5.49,5.4,6.31,7.04,8.74,11.11,11.97,43.0,25.0
BHR,Bahrain,Agriculture,All GHG,MtCO₂e,0.09,0.09,0.09,0.08,0.07,0.06,0.05,0.05,0.05,0.05,0.05,0.04,0.04,0.04,0.04,0.04,0.04,0.05,0.05,0.03,0.03,0.03,0.04,0.03,0.03,0.03,0.03,0.03,0.04,0.04,0.04,26.0,50.55
BHS,Bahamas,Agriculture,All GHG,MtCO₂e,0.04,0.04,0.04,0.05,0.04,0.03,0.03,0.04,0.03,0.04,0.02,0.03,0.04,0.03,0.03,0.03,0.05,0.02,0.03,0.03,0.03,0.03,0.04,0.03,0.03,0.03,0.02,0.03,0.03,0.03,0.03,24.25,-76.0
BIH,Bosnia and Herzegovina,Agriculture,All GHG,MtCO₂e,2.53,2.52,2.58,2.73,2.75,2.9,2.84,2.75,2.84,2.79,2.7,2.74,2.6,2.52,2.67,2.54,2.48,2.23,2.14,2.24,2.36,2.29,2.18,1.96,1.62,1.91,2.26,2.38,2.53,2.57,2.73,44.0,18.0
BLR,Belarus,Agriculture,All GHG,MtCO₂e,24.15,23.75,23.81,24.02,23.54,24.46,24.54,24.97,25.08,25.02,24.42,24.55,24.15,23.69,23.89,23.43,23.06,23.07,23.02,23.65,23.9,24.71,24.97,25.21,25.53,26.21,27.01,28.24,29.17,34.81,36.09,53.0,28.0
BLZ,Belize,Agriculture,All GHG,MtCO₂e,0.38,0.38,0.32,0.34,0.35,0.35,0.34,0.38,0.28,0.3,0.25,0.26,0.22,0.22,0.19,0.19,0.17,0.3,0.23,0.16,0.16,0.16,0.15,0.14,0.13,0.13,0.17,0.17,0.19,0.16,0.17,17.25,-88.75
BOL,Bolivia,Agriculture,All GHG,MtCO₂e,29.74,29.07,27.24,27.26,27.46,26.39,25.38,26.31,26.14,25.9,27.51,23.99,23.62,23.46,23.35,23.88,22.67,20.82,21.22,19.32,19.79,19.85,18.92,18.1,17.57,17.81,17.43,17.0,16.66,16.31,16.03,-17.0,-65.0
BRA,Brazil,Agriculture,All GHG,MtCO₂e,518.86,505.02,493.04,503.12,498.39,496.88,494.94,485.46,489.42,488.52,491.18,459.76,460.57,469.9,459.25,468.4,463.57,440.18,421.99,397.91,379.66,375.19,373.11,362.41,354.3,372.87,366.83,358.82,357.08,351.03,339.96,-10.0,-55.0
BRB,Barbados,Agriculture,All GHG,MtCO₂e,0.06,0.06,0.06,0.06,0.06,0.06,0.06,0.06,0.06,0.06,0.06,0.05,0.06,0.05,0.06,0.06,0.07,0.06,0.06,0.08,0.08,0.09,0.09,0.09,0.1,0.1,0.09,0.09,0.1,0.1,0.1,13.1667,-59.5333
BRN,Brunei,Agriculture,All GHG,MtCO₂e,0.11,0.1,0.1,0.1,0.1,0.1,0.1,0.11,0.11,0.09,0.1,0.1,0.1,0.1,0.09,0.08,0.09,0.08,0.08,0.08,0.07,0.07,0.06,0.05,0.04,0.04,0.04,0.04,0.04,0.04,0.04,4.5,114.6667
BTN,Bhutan,Agriculture,All GHG,MtCO₂e,0.47,0.5,0.5,0.53,0.52,0.52,0.54,0.58,0.57,0.58,0.58,0.59,0.55,0.63,0.62,0.64,0.56,0.56,0.56,0.56,0.61,0.65,0.63,0.63,0.64,0.65,0.6,0.6,0.6,0.64,0.63,27.5,90.5
BWA,Botswana,Agriculture,All GHG,MtCO₂e,5.9,2.71,4.57,6.73,3.7,4.51,5.11,7.99,9.07,21.33,17.0,5.75,14.62,5.98,7.97,5.98,4.89,4.35,11.37,11.19,9.16,9.52,9.67,10.64,11.21,9.57,8.78,8.39,8.71,9.06,9.6,-22.0,24.0
CAF,Central African Republic,Agriculture,All GHG,MtCO₂e,17.68,16.55,18.22,17.71,19.46,17.8,17.51,17.98,16.74,19.64,18.36,16.23,20.78,19.59,19.23,19.12,18.09,20.71,15.59,17.84,21.68,18.74,21.09,19.12,18.95,16.75,16.63,16.53,16.5,16.47,16.16,7.0,21.0
CAN,Canada,Agriculture,All GHG,MtCO₂e,63.28,60.32,62.0,60.33,59.52,60.59,61.38,62.35,62.21,59.9,58.29,57.61,59.8,61.47,58.92,61.92,60.17,58.49,58.31,56.75,56.61,57.97,59.14,57.22,58.01,55.58,52.83,52.66,52.2,51.03,50.64,60.0,-95.0
CHE,Switzerland,Agriculture,All GHG,MtCO₂e,5.46,5.48,5.61,5.65,5.69,5.71,5.77,5.76,5.75,5.83,5.89,5.91,6.0,5.88,5.92,5.89,5.8,5.86,5.96,6.11,6.02,6.11,6.28,6.34,6.57,6.61,6.7,6.7,6.81,6.94,7.02,47.0,8.0
CHL,Chile,Agriculture,All GHG,MtCO₂e,10.77,10.55,10.19,9.98,10.28,10.56,10.64,10.91,12.48,12.44,12.97,12.76,13.21,12.42,12.59,12.53,12.82,12.17,12.39,12.36,12.42,12.61,12.53,12.46,12.13,11.89,11.58,11.1,10.68,10.35,10.3,-30.0,-71.0
CHN,China,Agriculture,All GHG,MtCO₂e,653.97,651.43,674.24,684.9,698.72,699.38,692.05,691.09,691.42,689.89,695.66,694.91,693.42,681.09,689.64,687.53,679.76,661.25,671.77,666.29,677.31,689.28,669.35,646.67,714.89,672.07,612.92,592.87,605.58,601.01,590.76,35.0,105.0
CIV,Côte d'Ivoire,Agriculture,All GHG,MtCO₂e,6.6,6.28,6.28,6.23,7.13,5.91,5.71,6.54,6.07,5.89,5.62,5.68,5.87,6.33,6.18,6.53,5.05,6.32,6.5,5.86,5.37,5.19,5.3,5.27,5.06,5.37,5.28,5.09,5.1,5.0,4.87,8.0,-5.0
CMR,Cameroon,Agriculture,All GHG,MtCO₂e,13.23,12.82,12.85,12.77,13.16,12.66,12.41,12.6,12.19,12.06,12.27,11.75,12.2,12.98,13.21,14.31,12.8,14.3,12.95,13.14,14.03,12.52,12.33,11.26,10.88,10.5,10.53,10.48,10.48,10.45,10.54,6.0,12.0
COD,Democratic Republic of the Congo,Agriculture,All GHG,MtCO₂e,27.18,27.2,26.29,27.86,26.71,26.85,25.89,26.56,25.22,25.88,27.51,26.0,26.28,24.83,28.26,27.88,28.36,26.57,24.29,19.34,17.7,18.07,19.87,18.99,19.43,24.81,24.97,25.02,25.13,25.02,25.21,0.0,25.0
COG,Republic of Congo,Agriculture,All GHG,MtCO₂e,2.78,3.11,3.12,3.03,3.06,3.05,2.68,3.1,2.97,3.11,3.05,2.61,2.77,2.76,3.03,2.96,2.51,2.36,1.51,1.02,0.9,1.07,1.06,1.02,0.96,2.17,2.17,2.17,2.16,2.16,2.16,-1.0,15.0
COK,Cook Islands,Agriculture,All GHG,MtCO₂e,0.01,0.01,0.01,0.01,0.02,0.02,0.02,0.02,0.02,0.02,0.02,0.02,0.02,0.02,0.02,0.02,0.02,0.01,0.01,0.02,0.02,0.02,0.02,0.02,0.02,0.02,0.02,0.01,0.01,0.01,0.01,-21.2333,-159.7667
COL,Colombia,Agriculture,All GHG,MtCO₂e,68.33,65.06,62.91,59.02,55.88,54.19,56.46,56.02,57.17,61.03,65.16,63.51,63.99,64.14,61.7,61.99,62.43,61.57,60.04,59.76,58.52,57.68,60.12,59.53,60.2,59.92,59.96,59.03,58.09,57.56,58.02,4.0,-72.0
COM,Comoros,Agriculture,All GHG,MtCO₂e,0.28,0.28,0.28,0.28,0.28,0.28,0.28,0.27,0.27,0.26,0.24,0.23,0.23,0.21,0.23,0.21,0.21,0.2,0.21,0.21,0.2,0.22,0.22,0.21,0.21,0.2,0.2,0.2,0.19,0.19,0.19,-12.1667,44.25
CPV,Cape Verde,Agriculture,All GHG,MtCO₂e,0.11,0.1,0.1,0.1,0.12,0.12,0.12,0.12,0.12,0.11,0.12,0.11,0.1,0.1,0.11,0.12,0.12,0.11,0.11,0.11,0.12,0.13,0.13,0.11,0.1,0.13,0.11,0.13,0.13,0.1,0.09,16.0,-24.0
CRI,Costa Rica,Agriculture,All GHG,MtCO₂e,4.04,4.43,4.34,4.11,4.03,3.76,3.7,3.79,3.72,3.86,3.58,3.43,3.61,3.4,3.15,3.19,3.04,3.25,3.22,3.33,3.55,3.74,4.07,4.02,4.03,4.02,4.48,4.84,4.88,4.93,4.92,10.0,-84.0
CUB,Cuba,Agriculture,All GHG,MtCO₂e,9.74,10.47,10.57,10.59,11.03,10.91,11.54,11.54,11.42,11.49,11.15,11.12,10.61,10.4,10.42,10.01,10.84,11.17,11.26,11.51,11.58,11.74,12.39,12.61,12.63,12.21,12.62,12.29,13.55,13.63,13.98,21.5,-80.0
CYP,Cyprus,Agriculture,All GHG,MtCO₂e,0.43,0.42,0.41,0.41,0.4,0.39,0.38,0.38,0.42,0.43,0.44,0.42,0.41,0.42,0.43,0.42,0.46,0.48,0.5,0.46,0.43,0.44,0.44,0.43,0.46,0.44,0.43,0.43,0.43,0.38,0.38,35.0,33.0
CZE,Czech Republic,Agriculture,All GHG,MtCO₂e,6.18,6.51,6.59,6.82,7.14,7.05,6.6,6.5,6.46,6.03,5.94,6.0,6.2,6.28,6.12,6.22,6.35,6.4,6.46,7.49,7.18,7.15,7.33,7.78,8.32,8.25,8.67,9.44,10.66,11.82,13.58,49.75,15.5
DEU,Germany,Agriculture,All GHG,MtCO₂e,58.0,59.64,60.03,62.67,64.02,65.08,66.27,64.88,64.06,63.77,65.12,64.68,64.7,64.93,63.75,66.03,66.48,67.44,68.75,69.95,70.43,72.57,72.55,73.41,73.27,73.73,73.84,73.46,75.78,83.18,88.2,51.0,9.0
DJI,Djibouti,Agriculture,All GHG,MtCO₂e,0.72,0.72,0.71,0.71,0.72,0.72,0.71,0.71,0.71,0.71,0.71,0.71,0.71,0.71,0.7,0.71,0.71,0.71,0.71,0.71,0.7,0.7,0.68,0.66,0.66,0.63,0.59,0.57,0.56,0.55,0.55,11.5,43.0
DMA,Dominica,Agriculture,All GHG,MtCO₂e,0.04,0.04,0.04,0.04,0.04,0.04,0.04,0.04,0.04,0.04,0.04,0.04,0.04,0.04,0.04,0.04,0.04,0.04,0.04,0.04,0.04,0.04,0.04,0.04,0.04,0.04,0.05,0.05,0.05,0.05,0.05,15.4167,-61.3333
DNK,Denmark,Agriculture,All GHG,MtCO₂e,10.87,10.65,10.51,10.75,10.77,10.72,10.55,10.42,10.59,10.54,10.6,10.41,10.67,10.71,10.57,10.7,10.81,11.11,11.2,11.49,11.38,11.4,11.91,11.97,12.03,12.1,12.15,12.43,12.25,12.6,12.71,56.0,10.0
DOM,Dominican Republic,Agriculture,All GHG,MtCO₂e,9.34,9.26,9.3,9.04,8.87,8.76,8.66,8.59,8.55,8.66,8.66,8.44,8.14,8.03,7.2,7.0,7.24,6.57,6.8,6.35,5.92,6.17,6.83,6.77,6.63,6.34,6.25,6.28,6.06,6.35,5.98,19.0,-70.6667
DZA,Algeria,Agriculture,All GHG,MtCO₂e,12.62,12.43,12.32,12.29,12.42,12.56,12.41,11.81,11.54,10.81,10.52,9.97,9.09,9.47,9.36,8.86,9.46,8.59,8.21,8.57,8.37,8.46,8.34,7.56,7.71,7.59,7.68,8.08,7.94,7.61,7.86,28.0,3.0
ECU,Ecuador,Agriculture,All GHG,MtCO₂e,13.0,12.72,12.43,12.89,12.88,12.68,13.84,15.04,15.09,15.28,15.41,15.07,14.16,13.79,14.38,14.3,14.97,14.29,14.51,14.75,12.85,14.44,14.57,15.65,14.81,14.29,14.08,13.61,13.03,12.06,12.02,-2.0,-77.5
EGY,Egypt,Agriculture,All GHG,MtCO₂e,22.72,22.67,27.84,30.27,31.24,30.69,30.74,30.71,31.29,31.11,29.28,30.61,32.73,32.31,32.13,31.85,32.04,30.58,30.07,28.21,28.27,27.04,25.49,25.87,25.51,24.87,23.03,23.64,22.59,22.1,20.72,27.0,30.0
ERI,Eritrea,Agriculture,All GHG,MtCO₂e,4.64,4.61,4.6,4.59,4.56,4.52,4.5,4.49,4.45,4.42,4.24,4.35,4.34,4.35,4.05,4.21,4.13,4.07,3.95,4.01,4.36,4.19,4.09,3.87,3.37,2.92,2.88,2.82,3.45,3.37,3.36,15.0,39.0
ESP,Spain,Agriculture,All GHG,MtCO₂e,42.26,41.05,41.3,40.85,40.26,40.35,39.35,37.87,36.92,37.81,39.21,38.79,38.51,42.18,41.07,41.1,43.22,43.64,42.36,42.3,42.2,41.61,41.56,39.88,39.0,36.54,36.8,36.58,36.3,37.91,38.32,40.0,-4.0
EST,Estonia,Agriculture,All GHG,MtCO₂e,2.31,2.31,2.24,2.26,2.22,2.35,2.32,2.26,2.23,2.2,2.17,2.16,2.23,2.17,2.15,2.14,2.17,2.13,2.14,2.13,2.19,2.27,2.29,2.27,2.38,2.55,2.7,3.16,3.51,3.66,3.79,59.0,26.0
ETH,Ethiopia,Agriculture,All GHG,MtCO₂e,129.76,123.04,113.2,111.73,109.62,106.16,103.74,100.15,97.61,93.45,95.37,91.01,86.96,83.77,74.82,70.62,67.37,65.86,68.49,59.68,57.05,60.64,61.32,55.94,54.27,51.56,51.42,50.87,57.49,56.12,55.99,8.0,38.0
FIN,Finland,Agriculture,All GHG,MtCO₂e,6.81,6.88,6.75,6.82,6.87,6.9,6.95,6.88,6.85,6.86,6.93,6.85,7.02,6.94,6.98,7.02,7.04,7.12,7.16,7.16,7.26,7.25,7.28,7.42,7.38,7.43,7.61,7.58,7.6,7.73,8.24,64.0,26.0
FJI,Fiji,Agriculture,All GHG,MtCO₂e,0.5,0.57,0.47,0.46,0.41,0.42,0.39,0.97,0.96,0.96,0.96,0.97,1.0,0.98,0.98,0.99,1.0,0.97,1.02,1.04,1.01,1.03,1.07,1.09,1.09,1.1,1.05,1.01,0.93,0.93,0.92,-18.0,175.0
FRA,France,Agriculture,All GHG,MtCO₂e,71.34,72.69,74.3,76.35,75.43,77.19,76.44,76.02,74.98,74.57,76.65,76.58,78.6,79.62,77.88,78.22,79.8,80.07,81.78,84.05,84.03,82.81,82.72,82.97,83.86,82.67,82.13,81.62,82.18,86.15,87.12,46.0,2.0
GAB,Gabon,Agriculture,All GHG,MtCO₂e,0.47,0.57,0.46,0.56,0.51,0.48,0.45,0.54,0.51,0.52,0.45,0.41,0.54,0.46,0.47,0.4,0.47,0.38,0.35,0.3,0.32,0.34,0.34,0.33,0.3,0.4,0.4,0.41,0.4,0.39,0.38,-1.0,11.75
GBR,United Kingdom,Agriculture,All GHG,MtCO₂e,50.03,51.5,51.57,52.28,51.82,51.68,51.56,50.48,50.26,50.47,50.66,50.27,51.65,52.14,53.16,54.14,54.74,54.78,55.2,55.92,58.93,61.35,61.92,62.35,63.6,62.7,63.33,62.5,62.74,63.57,65.09,54.0,-2.0
GEO,Georgia,Agriculture,All GHG,MtCO₂e,2.08,1.9,1.96,2.05,2.14,2.13,2.5,2.47,2.37,2.16,2.14,2.11,2.14,2.24,2.42,2.63,2.54,2.58,2.57,2.53,2.57,2.47,2.3,2.28,2.22,2.15,2.15,2.35,2.68,2.95,3.06,42.0,43.5
GHA,Ghana,Agriculture,All GHG,MtCO₂e,11.83,10.38,10.19,10.41,9.94,9.83,9.35,9.53,8.82,9.29,8.41,7.96,8.26,8.16,8.63,9.04,7.2,8.07,7.4,7.53,8.71,7.48,8.66,7.55,7.42,6.88,6.83,6.81,6.77,6.88,6.65,8.0,-2.0
GIN,Guinea,Agriculture,All GHG,MtCO₂e,21.43,20.53,19.25,19.54,19.71,17.3,17.25,16.95,16.72,15.48,14.46,12.64,12.34,11.89,11.65,11.51,10.18,10.25,10.23,9.19,8.38,7.83,8.19,7.33,7.14,7.79,7.47,7.15,6.88,6.64,6.4,11.0,-10.0
GMB,Gambia,Agriculture,All GHG,MtCO₂e,1.31,1.27,1.12,1.27,1.26,1.39,1.27,1.22,1.15,1.1,1.44,1.36,1.07,0.96,0.98,0.93,0.89,0.81,0.72,0.75,0.84,0.79,0.82,0.78,0.84,0.8,0.78,0.75,0.77,0.78,0.76,13.4667,-16.5667
GNB,Guinea-Bissau,Agriculture,All GHG,MtCO₂e,1.91,1.9,1.9,1.82,1.82,1.87,1.77,1.81,1.86,1.7,1.72,1.64,1.53,1.62,1.62,1.46,1.52,1.62,1.62,1.58,1.29,1.29,1.18,1.18,1.22,1.29,1.26,1.24,1.21,1.18,1.18,12.0,-15.0
GNQ,Equatorial Guinea,Agriculture,All GHG,MtCO₂e,0.02,0.02,0.02,0.02,0.02,0.02,0.02,0.02,0.02,0.02,0.02,0.02,0.02,0.02,0.02,0.02,0.02,0.02,0.02,0.02,0.02,0.02,0.02,0.02,0.02,0.02,0.02,0.02,0.02,0.02,0.02,2.0,10.0
GRC,Greece,Agriculture,All GHG,MtCO₂e,7.43,7.29,7.3,7.8,7.72,7.73,7.98,8.22,8.42,8.49,8.77,8.48,8.68,8.97,8.65,8.78,9.12,8.9,9.0,9.06,9.3,9.25,9.31,9.42,9.62,9.39,9.55,9.39,9.75,9.99,10.15,39.0,22.0
GRD,Grenada,Agriculture,All GHG,MtCO₂e,0.02,0.02,0.02,0.02,0.02,0.02,0.02,0.02,0.02,0.02,0.02,0.02,0.02,0.02,0.02,0.02,0.02,0.02,0.02,0.01,0.01,0.02,0.02,0.02,0.02,0.02,0.02,0.02,0.02,0.02,0.02,12.1167,-61.6667
GTM,Guatemala,Agriculture,All GHG,MtCO₂e,10.8,10.37,10.19,10.1,9.94,9.78,9.46,9.33,9.22,9.05,8.87,8.51,7.88,7.97,7.51,7.55,7.08,6.96,6.9,6.76,6.52,6.48,6.11,6.17,6.06,6.13,6.08,6.22,5.88,5.53,5.3,15.5,-90.25
GUY,Guyana,Agriculture,All GHG,MtCO₂e,2.0,1.96,1.87,1.84,1.7,2.07,1.96,1.84,1.66,1.58,1.57,1.48,1.48,1.33,1.29,1.33,1.49,1.55,1.33,1.42,1.36,1.63,1.51,1.61,1.55,1.56,1.32,1.34,1.19,1.14,0.88,5.0,-59.0
HND,Honduras,Agriculture,All GHG,MtCO₂e,7.14,6.87,7.11,6.86,6.84,6.62,6.72,6.65,6.5,6.63,6.34,6.28,6.04,5.99,5.98,6.07,5.56,5.89,4.87,4.83,4.84,4.53,4.89,5.04,4.96,5.14,5.1,4.87,5.34,5.41,5.39,15.0,-86.5
HRV,Croatia,Agriculture,All GHG,MtCO₂e,2.62,2.62,2.61,2.71,2.57,2.63,2.59,2.59,2.86,3.06,2.92,2.88,3.95,3.72,3.69,3.22,3.39,3.07,3.14,2.96,3.01,3.02,2.97,3.36,3.06,3.13,3.29,3.4,3.75,4.0,4.24,45.1667,15.5
HTI,Haiti,Agriculture,All GHG,MtCO₂e,4.41,4.38,4.34,4.48,4.52,4.42,4.38,4.36,4.33,4.35,4.33,4.3,4.27,4.29,4.25,4.27,4.25,4.28,4.26,4.23,4.22,3.87,3.84,3.76,3.55,3.51,3.49,3.52,3.7,3.22,3.02,19.0,-72.4167
HUN,Hungary,Agriculture,All GHG,MtCO₂e,8.41,8.21,8.25,8.16,8.18,7.63,7.6,7.54,7.05,7.23,7.0,7.15,7.7,7.42,7.52,7.5,7.97,7.57,7.79,8.2,8.0,8.1,7.86,8.09,8.18,7.58,8.05,8.37,8.74,10.67,11.28,47.0,20.0
IDN,Indonesia,Agriculture,All GHG,MtCO₂e,154.3,150.86,155.08,149.79,140.75,144.1,143.11,137.84,144.15,140.76,138.12,137.76,133.2,130.49,129.54,127.53,127.91,123.54,124.86,121.5,122.8,123.47,125.27,122.4,127.04,123.98,117.96,116.94,119.45,112.11,112.76,-5.0,120.0
IND,India,Agriculture,All GHG,MtCO₂e,741.92,728.42,721.96,712.6,705.65,703.94,699.2,697.67,695.13,701.3,690.93,680.88,686.84,679.15,661.96,647.21,627.82,618.2,606.55,622.53,617.43,622.77,619.17,611.91,606.54,599.03,594.61,586.61,579.9,573.4,566.02,20.0,77.0
IRL,Ireland,Agriculture,All GHG,MtCO₂e,23.36,23.26,23.43,25.39,24.84,24.01,23.77,23.54,23.37,22.33,22.5,23.42,23.23,23.35,23.76,23.99,24.46,24.69,24.65,24.86,24.91,24.55,24.49,23.7,23.31,23.35,23.32,23.1,22.66,22.54,22.35,53.0,-8.0
IRN,Iran,Agriculture,All GHG,MtCO₂e,36.18,34.08,32.87,31.12,33.48,32.12,31.36,37.32,37.77,36.82,40.5,40.67,40.42,43.89,45.14,43.25,42.45,41.1,40.31,39.9,39.95,40.74,41.8,40.43,39.43,38.36,37.7,36.99,38.42,35.06,35.01,32.0,53.0
IRQ,Iraq,Agriculture,All GHG,MtCO₂e,8.62,8.88,6.84,7.22,6.57,6.09,8.25,8.64,8.91,8.62,8.12,8.24,6.94,6.52,6.46,6.4,5.43,4.89,8.51,8.34,6.82,6.89,7.1,6.78,6.26,7.07,7.56,7.57,6.03,5.03,7.38,33.0,44.0
ISL,Iceland,Agriculture,All GHG,MtCO₂e,0.63,0.64,0.65,0.67,0.66,0.67,0.65,0.61,0.63,0.64,0.63,0.63,0.67,0.66,0.64,0.62,0.61,0.62,0.63,0.63,0.66,0.68,0.68,0.67,0.67,0.65,0.67,0.67,0.67,0.69,0.7,65.0,-18.0
ISR,Israel,Agriculture,All GHG,MtCO₂e,1.62,1.59,1.6,1.55,1.53,1.55,1.48,1.47,1.44,1.42,1.33,1.31,1.38,1.45,1.37,1.3,1.29,1.29,1.23,1.29,1.3,1.26,1.35,1.34,1.36,1.27,1.26,1.19,1.17,1.12,1.16,31.5,34.75
ITA,Italy,Agriculture,All GHG,MtCO₂e,33.24,33.18,33.19,32.4,32.5,32.04,31.79,32.17,32.74,32.09,32.79,32.71,33.88,34.2,34.13,34.27,35.54,34.96,35.99,33.72,37.68,37.84,37.68,37.77,38.4,37.95,38.84,39.35,40.64,41.25,43.28,42.8333,12.8333
JAM,Jamaica,Agriculture,All GHG,MtCO₂e,0.6,0.6,0.6,0.59,0.59,0.58,0.61,0.62,0.63,0.61,0.6,0.6,0.62,0.62,0.68,0.98,1.03,1.1,1.04,1.05,1.05,1.05,1.03,1.04,1.07,1.12,1.1,1.12,1.11,1.06,1.0,18.25,-77.5
JOR,Jordan,Agriculture,All GHG,MtCO₂e,1.16,1.21,1.22,1.23,1.32,1.24,1.15,1.1,0.98,0.99,0.96,0.95,1.09,0.91,0.8,0.86,0.74,0.76,0.75,0.71,0.71,0.82,0.79,0.86,0.88,0.94,0.91,1.06,1.04,0.87,0.69,31.0,36.0
JPN,Japan,Agriculture,All GHG,MtCO₂e,21.86,21.82,21.82,22.35,22.37,22.45,22.99,23.09,22.93,22.99,24.02,23.69,23.83,24.81,24.7,24.91,25.14,25.14,25.27,25.43,25.96,26.14,26.31,27.4,27.8,28.91,30.07,29.74,29.51,29.02,29.33,36.0,138.0
KAZ,Kazakhstan,Agriculture,All GHG,MtCO₂e,27.53,27.97,25.29,29.64,22.93,24.65,23.01,20.26,22.11,22.51,25.55,22.25,23.46,22.61,24.68,23.03,22.1,19.81,25.63,16.94,15.61,15.9,17.64,21.27,24.99,29.01,34.21,35.15,36.15,40.78,42.27,48.0,68.0
KEN,Kenya,Agriculture,All GHG,MtCO₂e,52.83,51.47,44.23,42.64,45.91,42.0,41.73,41.23,42.02,42.21,41.06,40.82,42.56,42.2,25.89,26.72,27.47,25.87,24.13,23.15,23.14,25.28,23.78,23.2,23.3,24.71,24.99,24.85,25.08,25.26,26.37,1.0,38.0
KGZ,Kyrgyzstan,Agriculture,All GHG,MtCO₂e,5.69,5.57,5.43,5.19,5.11,4.99,5.03,4.85,4.67,4.55,4.44,4.35,3.98,3.84,3.74,3.64,3.54,3.58,3.41,3.48,3.43,3.36,3.29,3.18,3.3,3.51,4.29,4.74,5.08,5.35,5.54,41.0,75.0
KHM,Cambodia,Agriculture,All GHG,MtCO₂e,21.0,21.29,21.58,21.64,20.77,20.78,20.67,21.2,21.35,22.14,21.17,21.04,20.46,20.26,19.86,18.63,17.53,17.7,16.4,16.04,16.26,17.45,16.25,16.45,16.4,16.21,14.21,15.49,14.73,14.25,14.61,13.0,105.0
KIR,Kiribati,Agriculture,All GHG,MtCO₂e,0.01,0.01,0.01,0.01,0.01,0.01,0.01,0.01,0.01,0.01,0.01,0.01,0.01,0.01,0.01,0.01,0.01,0.01,0.01,0.01,0.01,0.01,0.01,0.01,0.01,0.01,0.01,0.01,0.01,0.01,0.01,1.4167,173.0
KNA,Saint Kitts and Nevis,Agriculture,All GHG,MtCO₂e,0.01,0.01,0.01,0.01,0.01,0.01,0.01,0.01,0.01,0.02,0.02,0.02,0.02,0.02,0.02,0.02,0.02,0.02,0.02,0.02,0.02,0.02,0.02,0.02,0.02,0.02,0.02,0.02,0.02,0.02,0.02,17.3333,-62.75
KOR,South Korea,Agriculture,All GHG,MtCO₂e,14.45,14.26,14.13,14.01,13.97,13.95,13.78,14.12,14.47,14.02,14.42,14.15,14.08,14.22,13.71,14.14,13.82,13.44,13.53,13.81,14.19,14.78,15.53,16.45,16.24,15.95,15.75,15.66,15.3,14.97,15.1,37.0,127.5
KWT,Kuwait,Agriculture,All GHG,MtCO₂e,0.55,0.55,0.52,0.51,0.49,0.47,0.45,0.43,0.41,0.38,0.36,0.4,0.37,0.33,0.32,0.32,0.31,0.34,0.32,0.26,0.32,0.32,0.29,0.27,0.27,0.21,0.18,0.14,0.08,0.07,0.2,29.3375,47.6581
LAO,Laos,Agriculture,All GHG,MtCO₂e,10.33,9.84,9.58,9.82,9.94,9.53,9.24,9.1,9.05,8.3,8.72,8.12,7.77,7.71,7.29,7.31,7.43,7.05,6.89,6.71,6.49,6.14,6.27,6.72,6.49,6.54,6.5,6.15,6.12,5.85,5.94,18.0,105.0
LBN,Lebanon,Agriculture,All GHG,MtCO₂e,0.79,0.79,0.8,0.83,0.8,0.78,0.79,0.78,0.8,0.76,0.61,0.62,0.58,0.59,0.57,0.59,0.65,0.63,0.6,0.64,0.61,0.61,0.61,0.59,0.58,0.57,0.5,0.54,0.51,0.49,0.46,33.8333,35.8333
LBR,Liberia,Agriculture,All GHG,MtCO₂e,0.5,0.54,0.47,0.47,0.49,0.63,0.51,0.45,0.46,0.45,0.44,0.62,0.37,0.35,0.32,0.28,0.29,0.29,0.27,0.27,0.28,0.28,0.28,0.27,0.24,0.26,0.25,0.26,0.29,0.29,0.33,6.5,-9.5
LBY,Libya,Agriculture,All GHG,MtCO₂e,2.94,2.91,2.93,2.97,2.85,2.83,2.87,2.98,2.96,2.96,2.94,2.84,2.75,2.74,2.61,2.41,2.27,2.06,1.96,1.84,1.83,2.13,2.16,2.01,2.11,2.1,2.01,2.09,2.12,2.25,2.29,25.0,17.0
LCA,Saint Lucia,Agriculture,All GHG,MtCO₂e,0.03,0.03,0.03,0.03,0.03,0.04,0.04,0.03,0.03,0.03,0.03,0.03,0.03,0.03,0.03,0.03,0.03,0.03,0.03,0.03,0.04,0.04,0.04,0.04,0.04,0.04,0.04,0.05,0.05,0.05,0.05,13.8833,-61.1333
LIE,Liechtenstein,Agriculture,All GHG,MtCO₂e,0.0,0.0,0.0,0.0,0.0,0.0,0.0,0.0,0.0,0.0,0.0,0.0,0.0,0.0,0.0,0.0,0.0,0.0,0.0,0.0,0.0,0.0,0.0,0.0,0.0,0.0,0.0,0.0,0.0,0.0,0.0,47.1667,9.5333
LKA,Sri Lanka,Agriculture,All GHG,MtCO₂e,6.87,5.85,5.66,4.96,6.0,6.72,6.13,6.6,6.56,6.81,6.47,6.1,6.55,5.56,5.88,5.93,5.19,5.59,5.52,5.23,5.44,5.67,5.21,6.03,6.04,6.8,6.91,6.63,6.42,6.23,6.82,7.0,81.0
LSO,Lesotho,Agriculture,All GHG,MtCO₂e,1.27,1.13,1.27,1.44,1.3,1.34,1.36,1.39,1.5,1.51,1.48,1.5,1.48,1.57,1.52,1.59,1.43,1.51,1.45,1.64,1.67,1.75,1.23,1.45,1.37,1.39,1.47,1.51,1.55,1.4,1.41,-29.5,28.5
LTU,Lithuania,Agriculture,All GHG,MtCO₂e,5.77,5.67,5.55,5.85,5.91,6.05,5.94,5.93,6.0,5.95,5.92,5.98,5.96,6.19,6.03,6.07,6.11,6.03,5.95,5.81,6.21,6.41,6.69,6.84,6.84,6.77,7.36,8.24,9.95,10.01,10.38,56.0,24.0
LUX,Luxembourg,Agriculture,All GHG,MtCO₂e,0.64,0.65,0.64,0.67,0.66,0.65,0.64,0.63,0.62,0.63,0.64,0.63,0.63,0.62,0.6,0.61,0.63,0.61,0.63,0.57,0.57,0.68,0.66,0.66,0.68,0.68,0.67,0.67,0.67,0.68,0.68,49.75,6.1667
LVA,Latvia,Agriculture,All GHG,MtCO₂e,3.16,3.12,3.02,3.15,3.2,3.23,3.13,3.07,3.02,2.96,2.92,2.91,2.96,2.87,2.84,2.8,2.76,2.83,2.76,2.71,2.71,2.89,3.01,3.04,3.12,3.15,3.66,5.08,5.95,5.36,5.56,57.0,25.0
MAR,Morocco,Agriculture,All GHG,MtCO₂e,14.77,15.04,15.13,15.14,13.7,14.95,14.55,14.55,13.64,14.09,13.41,13.08,13.22,13.07,13.73,13.24,12.9,12.53,12.42,12.21,12.17,11.89,11.41,11.35,10.98,10.13,10.61,10.0,11.08,11.83,12.2,32.0,-5.0
MDA,Moldova,Agriculture,All GHG,MtCO₂e,1.44,1.57,1.74,1.67,1.63,1.54,1.64,1.58,1.53,1.61,1.54,1.46,1.59,1.78,1.81,1.89,2.02,2.07,2.08,2.1,2.05,2.2,2.33,2.74,3.37,3.5,3.57,3.29,3.65,4.45,4.61,47.0,29.0
MDG,Madagascar,Agriculture,All GHG,MtCO₂e,23.97,23.19,22.31,21.15,22.71,21.67,21.99,21.95,23.61,22.99,23.58,23.64,22.91,24.11,22.7,23.82,20.27,21.64,19.68,21.4,22.61,23.23,23.7,23.02,23.31,23.24,23.12,23.48,23.17,22.96,23.04,-20.0,47.0
MDV,Maldives,Agriculture,All GHG,MtCO₂e,0.0,0.0,0.0,0.0,0.0,0.0,0.0,0.0,0.0,0.0,0.0,0.0,0.0,0.0,0.0,0.0,0.0,0.0,0.0,0.0,0.0,0.0,0.0,0.0,0.0,0.0,0.0,0.0,0.0,0.0,0.0,3.25,73.0
MEX,Mexico,Agriculture,All GHG,MtCO₂e,99.25,97.95,96.82,96.82,95.59,92.06,92.72,92.41,90.43,93.06,89.81,89.02,87.59,88.01,86.63,87.5,85.5,87.25,86.47,86.67,86.19,85.31,87.43,85.51,84.93,86.0,87.73,87.88,86.39,87.05,88.78,23.0,-102.0
MKD,Macedonia,Agriculture,All GHG,MtCO₂e,1.21,1.19,1.34,1.38,1.39,1.35,1.33,1.31,1.3,1.39,1.37,1.31,1.38,1.42,1.42,1.4,1.46,1.39,1.38,1.42,1.53,1.54,1.68,1.8,1.92,1.92,1.99,1.76,1.76,2.25,2.38,41.8333,22.0
MLI,Mali,Agriculture,All GHG,MtCO₂e,37.51,35.5,34.25,33.34,33.0,29.77,28.77,28.08,27.28,26.54,26.08,24.63,24.87,23.5,22.79,22.76,22.05,19.89,19.17,18.75,19.33,18.85,17.55,16.6,16.39,15.48,15.16,14.93,14.74,14.71,14.78,17.0,-4.0
MLT,Malta,Agriculture,All GHG,MtCO₂e,0.08,0.08,0.08,0.08,0.08,0.09,0.09,0.09,0.09,0.09,0.1,0.1,0.11,0.11,0.12,0.12,0.11,0.12,0.12,0.12,0.12,0.12,0.11,0.12,0.12,0.12,0.13,0.13,0.13,0.13,0.12,35.8333,14.5833
MMR,Myanmar,Agriculture,All GHG,MtCO₂e,85.39,85.38,84.15,82.43,77.46,75.95,74.63,72.7,71.28,70.98,72.35,71.0,69.65,68.89,66.89,63.11,60.63,58.03,56.3,55.92,55.42,54.25,50.42,49.59,50.83,51.18,49.45,47.82,45.72,43.38,43.93,22.0,98.0
MNE,Montenegro,Agriculture,All GHG,MtCO₂e,0.39,0.39,0.41,0.43,0.43,0.44,0.43,0.42,0.43,0.41,0.45,0.47,0.49,0.52,0.54,0.5,0.55,0.49,0.51,0.53,0.52,0.59,0.64,0.66,0.65,0.65,0.59,0.61,0.61,0.75,0.79,42.0,19.0
MNG,Mongolia,Agriculture,All GHG,MtCO₂e,30.53,31.6,29.61,29.72,28.26,26.81,24.73,22.05,20.99,19.19,17.15,20.63,20.45,20.28,18.31,16.82,15.63,16.11,16.04,18.56,21.09,20.75,20.15,19.79,18.81,17.95,16.97,17.2,17.37,17.59,17.1,46.0,105.0
MOZ,Mozambique,Agriculture,All GHG,MtCO₂e,18.12,18.37,18.61,16.44,16.66,17.76,19.03,18.73,18.22,17.4,18.7,16.82,19.25,18.11,16.97,18.22,16.59,17.33,17.31,15.87,13.9,15.16,16.06,14.05,15.58,15.85,15.76,15.66,15.5,15.37,15.26,-18.25,35.0
MRT,Mauritania,Agriculture,All GHG,MtCO₂e,9.82,9.78,9.48,9.41,9.27,9.25,8.98,8.79,8.58,8.32,8.3,7.88,7.38,8.13,8.21,7.93,7.82,7.91,7.77,7.79,7.74,7.28,6.79,6.4,6.06,5.54,5.53,5.66,5.49,5.69,5.51,20.0,-12.0
MUS,Mauritius,Agriculture,All GHG,MtCO₂e,0.13,0.15,0.14,0.15,0.15,0.14,0.16,0.14,0.16,0.14,0.13,0.13,0.13,0.14,0.13,0.14,0.14,0.15,0.15,0.14,0.18,0.18,0.17,0.17,0.18,0.17,0.17,0.16,0.16,0.16,0.16,-20.2833,57.55
MWI,Malawi,Agriculture,All GHG,MtCO₂e,8.62,8.49,7.37,6.27,5.84,5.82,5.52,4.99,4.77,4.6,4.46,3.85,3.85,3.46,3.14,2.92,2.83,2.84,2.67,2.35,2.52,2.37,2.43,2.26,2.28,2.14,1.95,2.36,2.32,2.32,2.22,-13.5,34.0
MYS,Malaysia,Agriculture,All GHG,MtCO₂e,10.36,10.45,10.52,11.2,11.55,11.64,11.72,11.64,12.57,12.42,12.3,10.99,12.29,11.86,11.4,11.59,11.29,10.61,9.85,9.25,9.28,9.26,9.74,9.42,8.67,8.87,8.99,8.74,8.51,8.17,8.6,2.5,112.5
NER,Niger,Agriculture,All GHG,MtCO₂e,33.46,31.84,30.47,29.03,27.75,26.38,25.39,24.16,23.05,21.89,21.12,21.54,20.68,19.75,18.87,18.18,17.41,16.74,16.07,15.47,14.78,14.15,13.58,12.98,12.55,12.01,11.52,11.12,10.66,10.25,9.88,16.0,8.0
NGA,Nigeria,Agriculture,All GHG,MtCO₂e,84.04,83.23,83.42,82.13,79.18,70.8,70.21,68.92,67.51,64.62,60.74,56.29,58.36,58.09,59.11,58.85,55.34,54.57,52.8,52.36,52.32,51.62,50.83,47.98,45.95,44.17,43.34,42.11,41.03,40.49,38.82,10.0,8.0
NIC,Nicaragua,Agriculture,All GHG,MtCO₂e,11.59,11.24,11.09,10.88,11.11,11.01,10.62,10.05,9.7,9.3,8.47,8.29,8.16,8.14,8.15,8.11,7.64,8.03,7.53,7.25,7.22,7.0,5.97,6.14,5.68,5.91,6.73,6.76,6.08,5.5,6.87,13.0,-85.0
NIU,Niue,Agriculture,All GHG,MtCO₂e,0.0,0.0,0.0,0.0,0.0,0.0,0.0,0.0,0.0,0.0,0.0,0.0,0.0,0.0,0.0,0.0,0.0,0.0,0.0,0.0,0.0,0.0,0.0,0.0,0.0,0.0,0.0,0.0,0.0,0.0,0.0,-19.0333,-169.8667
NLD,Netherlands,Agriculture,All GHG,MtCO₂e,18.51,18.75,18.56,19.81,20.72,20.76,19.98,19.42,19.21,19.19,19.45,19.39,19.28,18.74,18.76,18.92,18.91,18.87,19.31,20.15,20.29,21.11,21.07,21.72,22.38,22.75,22.83,23.02,23.49,23.71,23.54,52.5,5.75
NOR,Norway,Agriculture,All GHG,MtCO₂e,5.24,5.28,5.28,5.31,5.31,5.25,5.17,5.16,5.17,5.19,5.16,5.19,5.33,5.36,5.4,5.46,5.5,5.52,5.48,5.52,5.56,5.67,5.71,5.75,5.75,5.69,5.64,5.59,5.63,5.62,5.55,62.0,10.0
NPL,Nepal,Agriculture,All GHG,MtCO₂e,26.05,25.87,25.53,25.16,24.65,24.45,24.61,24.28,24.11,23.64,23.04,22.77,22.09,21.38,21.31,21.0,20.77,20.42,20.21,20.13,20.07,19.95,19.85,19.58,19.38,19.09,18.19,17.87,17.3,17.69,17.74,28.0,84.0
NRU,Nauru,Agriculture,All GHG,MtCO₂e,0.0,0.0,0.0,0.0,0.0,0.0,0.0,0.0,0.0,0.0,0.0,0.0,0.0,0.0,0.0,0.0,0.0,0.0,0.0,0.0,0.0,0.0,0.0,0.0,0.0,0.0,0.0,0.0,0.0,0.0,0.0,-0.5333,166.9167
NZL,New Zealand,Agriculture,All GHG,MtCO₂e,41.53,41.89,42.19,42.3,42.49,42.51,43.52,42.98,43.12,42.47,42.26,42.05,41.91,42.92,43.3,43.26,43.22,43.23,42.52,41.5,41.13,41.88,41.24,42.22,42.17,43.23,42.18,40.81,41.05,41.63,42.45,-41.0,174.0
OMN,Oman,Agriculture,All GHG,MtCO₂e,1.82,1.78,1.75,1.71,1.68,1.65,1.61,1.61,1.33,1.3,1.28,1.23,1.22,1.18,1.16,1.14,1.06,1.01,0.99,0.99,0.95,0.96,0.9,0.85,0.83,0.81,0.78,0.73,0.69,0.65,0.61,21.0,57.0
PAK,Pakistan,Agriculture,All GHG,MtCO₂e,201.76,195.06,188.79,184.41,176.75,170.68,166.91,162.91,154.98,154.33,147.68,149.65,143.01,136.7,134.46,126.62,122.03,118.75,114.94,111.68,110.57,108.77,105.48,103.22,100.49,97.23,93.66,91.81,89.23,87.05,85.77,30.0,70.0
PAN,Panama,Agriculture,All GHG,MtCO₂e,3.44,3.41,3.48,3.42,3.47,3.49,3.63,3.87,3.85,3.78,3.66,3.63,3.57,3.41,3.5,3.47,3.38,3.45,3.44,3.42,3.05,3.08,3.13,3.07,3.28,3.27,3.27,3.28,3.24,3.14,3.13,9.0,-80.0
PER,Peru,Agriculture,All GHG,MtCO₂e,26.51,26.45,25.91,26.36,25.95,25.85,25.55,25.76,25.79,25.65,25.52,25.6,24.78,24.62,23.95,23.9,22.93,23.06,22.79,22.16,22.06,21.72,20.43,19.81,19.59,19.21,18.28,17.44,17.21,17.36,17.8,-10.0,-76.0
PHL,Philippines,Agriculture,All GHG,MtCO₂e,61.44,60.57,61.41,62.16,59.03,59.1,60.18,59.84,59.1,58.4,58.04,58.75,57.8,57.01,55.49,55.37,56.37,54.66,53.85,53.96,53.39,52.77,45.04,51.46,51.22,48.48,47.01,43.66,42.25,43.86,43.7,13.0,122.0
PNG,Papua New Guinea,Agriculture,All GHG,MtCO₂e,2.58,2.6,2.77,2.54,2.47,2.76,2.61,2.48,2.5,2.43,2.49,2.48,2.41,2.41,2.56,2.45,2.74,2.51,2.47,2.27,2.17,2.12,2.05,2.21,2.01,2.09,1.96,1.92,1.88,1.83,1.82,-6.0,147.0
POL,Poland,Agriculture,All GHG,MtCO₂e,33.45,33.89,33.4,34.57,33.68,33.21,33.01,33.27,33.86,33.7,34.25,33.58,34.5,35.2,34.41,33.86,32.98,33.55,33.7,33.66,34.58,35.84,37.12,38.84,37.87,38.67,39.31,39.3,41.06,42.86,46.35,52.0,20.0
PRK,North Korea,Agriculture,All GHG,MtCO₂e,5.13,5.4,6.01,5.7,5.73,5.48,5.86,6.12,6.22,6.47,6.18,6.01,5.82,5.84,6.1,5.94,5.95,5.65,5.74,5.22,5.07,5.45,5.28,5.12,5.13,5.69,7.59,9.86,9.97,10.1,10.23,40.0,127.0
PRT,Portugal,Agriculture,All GHG,MtCO₂e,7.14,7.16,7.05,7.31,7.08,7.09,6.96,6.72,6.76,6.71,6.63,6.78,6.88,6.91,6.76,6.87,6.81,6.88,6.9,6.96,7.54,7.67,7.69,7.66,7.76,7.57,7.63,7.47,7.69,7.93,8.09,39.5,-8.0
PRY,Paraguay,Agriculture,All GHG,MtCO₂e,32.77,30.99,29.94,31.96,30.6,30.84,31.38,29.88,28.73,27.56,26.73,25.02,23.37,24.62,22.53,22.42,21.26,23.26,21.27,22.11,20.16,21.2,20.85,20.68,20.56,21.51,20.15,19.18,17.72,17.21,18.56,-23.0,-58.0
QAT,Qatar,Agriculture,All GHG,MtCO₂e,0.59,0.6,0.58,0.52,0.47,0.4,0.28,0.32,0.27,0.25,0.22,0.21,0.16,0.15,0.14,0.12,0.16,0.16,0.16,0.15,0.21,0.21,0.2,0.2,0.2,0.23,0.22,0.18,0.16,0.14,0.13,25.5,51.25
ROU,Romania,Agriculture,All GHG,MtCO₂e,15.57,16.1,16.28,15.89,15.52,15.39,15.0,15.08,14.3,14.89,16.27,16.64,17.01,16.5,16.64,16.89,16.86,15.93,15.57,16.42,16.47,16.97,17.83,18.67,18.87,19.1,20.4,21.22,23.5,25.9,31.29,46.0,25.0
RUS,Russia,Agriculture,All GHG,MtCO₂e,104.13,101.78,99.94,99.46,100.06,98.68,100.97,98.13,99.16,99.68,98.62,100.98,105.41,98.83,98.09,100.69,104.59,115.86,114.56,115.04,114.0,114.0,124.43,134.69,150.32,163.16,181.46,201.38,213.01,232.48,240.97,60.0,100.0
RWA,Rwanda,Agriculture,All GHG,MtCO₂e,3.45,3.45,3.31,3.31,3.26,3.46,2.96,3.01,2.96,2.92,3.1,2.9,2.83,2.65,2.49,2.25,2.12,1.96,1.72,1.64,1.51,1.5,1.33,1.2,1.13,1.02,1.22,1.31,1.37,1.42,1.37,-2.0,30.0
SAU,Saudi Arabia,Agriculture,All GHG,MtCO₂e,7.36,6.6,6.41,6.31,6.38,6.3,6.01,6.31,6.21,5.99,5.33,4.88,5.41,6.24,6.04,6.15,6.32,6.0,5.88,5.8,5.66,5.4,5.56,5.52,5.3,5.16,5.52,5.72,5.87,5.65,5.41,25.0,45.0
SDN,Sudan,Agriculture,All GHG,MtCO₂e,76.59,75.31,75.68,75.06,75.28,73.73,73.03,73.16,72.62,68.08,68.32,71.49,70.28,70.82,67.36,70.51,67.94,66.82,65.15,61.78,67.11,63.37,61.73,58.43,56.49,53.83,52.75,49.8,46.61,42.76,41.38,15.0,30.0
SEN,Senegal,Agriculture,All GHG,MtCO₂e,13.04,12.48,11.84,12.16,11.81,10.61,10.78,10.93,10.43,11.02,10.81,10.24,10.26,9.72,10.38,10.06,9.74,8.64,9.32,10.08,10.79,9.92,9.17,9.42,9.6,8.84,8.81,8.66,8.42,8.28,8.07,14.0,-14.0
SGP,Singapore,Agriculture,All GHG,MtCO₂e,0.02,0.02,0.02,0.02,0.02,0.02,0.02,0.02,0.02,0.02,0.02,0.02,0.02,0.02,0.02,0.02,0.02,0.02,0.02,0.01,0.01,0.01,0.01,0.01,0.01,0.01,0.01,0.01,0.01,0.01,0.09,1.3667,103.8
SLB,Solomon Islands,Agriculture,All GHG,MtCO₂e,0.07,0.07,0.07,0.07,0.07,0.07,0.07,0.07,0.07,0.07,0.07,0.07,0.07,0.07,0.07,0.07,0.06,0.06,0.06,0.06,0.06,0.06,0.06,0.06,0.06,0.06,0.06,0.06,0.06,0.06,0.06,-8.0,159.0
SLE,Sierra Leone,Agriculture,All GHG,MtCO₂e,3.24,3.21,4.2,3.67,3.75,3.62,3.79,3.55,3.67,3.05,2.74,2.81,2.54,2.82,3.42,2.64,2.46,2.14,1.72,1.45,1.23,1.31,1.48,1.56,1.57,1.91,2.02,2.06,1.98,1.98,2.01,8.5,-11.5
SLV,El Salvador,Agriculture,All GHG,MtCO₂e,1.97,1.88,2.14,2.31,2.48,2.7,2.7,2.55,3.03,2.91,3.26,3.4,3.6,3.47,3.28,3.24,3.11,3.01,3.11,3.02,2.7,2.91,2.73,3.05,3.2,2.75,3.07,3.02,3.14,3.1,3.03,13.8333,-88.9167
SOM,Somalia,Agriculture,All GHG,MtCO₂e,22.73,22.66,22.24,22.34,22.58,22.64,22.64,22.56,22.52,22.28,22.18,22.06,22.1,22.14,23.36,24.7,24.31,24.07,23.9,23.62,23.15,22.94,22.83,22.94,22.5,22.01,21.4,19.53,17.6,19.6,22.55,10.0,49.0
SRB,Serbia,Agriculture,All GHG,MtCO₂e,6.61,6.36,5.71,6.25,6.56,6.35,6.63,7.25,7.31,6.82,6.78,7.67,7.22,7.82,7.43,7.52,8.3,7.35,7.71,7.95,7.8,8.91,9.57,9.95,9.77,9.71,8.9,9.08,9.2,11.23,11.9,44.0,21.0
SSD,South Sudan,Agriculture,All GHG,MtCO₂e,49.46,42.5,50.22,45.46,47.43,46.32,45.87,45.25,46.37,42.8,42.95,44.94,44.19,44.52,42.35,44.33,42.72,42.01,40.96,38.84,42.19,39.84,38.81,36.73,35.51,33.84,33.17,31.31,29.31,26.88,26.02,8.0,30.0
STP,Sao Tome and Principe,Agriculture,All GHG,MtCO₂e,0.02,0.02,0.02,0.02,0.02,0.02,0.02,0.01,0.01,0.01,0.01,0.01,0.01,0.01,0.01,0.01,0.01,0.01,0.01,0.01,0.01,0.01,0.01,0.01,0.01,0.01,0.01,0.01,0.01,0.01,0.01,1.0,7.0
SUR,Suriname,Agriculture,All GHG,MtCO₂e,0.65,0.65,0.6,0.67,0.68,0.64,0.68,0.63,0.62,0.66,0.64,0.64,0.57,0.5,0.53,0.5,0.58,0.56,0.48,0.63,0.6,0.66,0.66,0.67,0.73,0.72,0.71,0.7,0.77,0.69,0.64,4.0,-56.0
SVK,Slovakia,Agriculture,All GHG,MtCO₂e,2.49,2.51,2.54,2.49,2.64,2.53,2.61,2.52,2.47,2.47,2.37,2.42,2.48,2.52,2.59,2.61,2.83,2.82,2.92,2.97,2.97,3.03,3.49,3.71,3.84,3.76,4.0,4.45,4.96,5.5,6.32,48.6667,19.5
SVN,Slovenia,Agriculture,All GHG,MtCO₂e,1.63,1.62,1.61,1.64,1.65,1.61,1.6,1.59,1.61,1.65,1.67,1.66,1.71,1.67,1.68,1.7,1.72,1.83,1.81,1.86,1.8,1.77,1.88,1.93,1.93,1.97,2.03,2.05,2.07,2.42,2.56,46.0,15.0
SWE,Sweden,Agriculture,All GHG,MtCO₂e,8.08,7.94,7.8,7.99,7.85,7.89,7.93,7.74,7.68,7.85,7.79,7.65,7.96,7.82,7.82,7.94,8.1,8.04,8.14,8.21,8.36,8.44,8.55,8.79,8.81,8.65,8.94,9.02,8.76,8.54,8.94,62.0,15.0
SWZ,Eswatini,Agriculture,All GHG,MtCO₂e,0.99,1.03,0.99,0.98,0.95,0.98,1.02,1.03,1.03,1.02,1.03,0.95,0.98,1.0,0.93,1.01,0.98,0.98,0.91,0.87,0.98,0.99,1.03,1.05,1.07,1.06,1.03,1.01,1.2,1.16,1.13,-26.5,31.5
SYC,Seychelles,Agriculture,All GHG,MtCO₂e,0.0,0.0,0.0,0.0,0.0,0.0,0.0,0.0,0.0,0.01,0.0,0.01,0.01,0.01,0.01,0.01,0.01,0.01,0.01,0.01,0.01,0.01,0.01,0.01,0.01,0.01,0.01,0.01,0.01,0.01,0.01,-4.5833,55.6667
SYR,Syria,Agriculture,All GHG,MtCO₂e,6.18,5.83,5.09,5.25,6.18,6.43,6.78,6.94,7.57,7.72,6.79,7.97,8.45,9.43,9.19,8.59,7.79,7.26,6.62,6.1,6.75,6.92,7.09,6.66,6.48,6.28,5.82,5.41,6.16,6.18,6.24,35.0,38.0
TCD,Chad,Agriculture,All GHG,MtCO₂e,78.79,73.7,70.9,66.66,64.43,60.15,55.66,53.23,51.08,48.42,45.9,43.07,42.03,40.59,38.34,37.2,35.04,33.52,31.57,29.24,32.63,29.89,27.95,27.19,26.64,23.29,22.33,21.37,20.59,19.77,13.39,15.0,19.0
TGO,Togo,Agriculture,All GHG,MtCO₂e,3.41,3.05,3.06,2.99,2.95,3.15,2.75,2.93,2.64,2.9,2.4,2.43,2.3,2.09,2.39,2.82,1.96,2.21,2.13,1.88,2.1,1.95,2.24,1.89,1.61,1.52,1.65,1.68,1.71,1.86,1.99,8.0,1.1667
THA,Thailand,Agriculture,All GHG,MtCO₂e,67.87,64.04,69.15,71.08,69.95,63.89,70.14,76.01,78.1,78.48,79.71,75.89,72.23,72.7,68.08,67.7,66.89,67.51,63.53,64.33,63.02,64.76,63.23,66.23,65.46,66.21,68.26,68.19,67.28,65.72,63.39,15.0,100.0
TJK,Tajikistan,Agriculture,All GHG,MtCO₂e,6.76,6.9,6.41,6.39,6.29,6.15,5.89,5.78,5.55,5.24,5.11,5.03,4.69,4.06,3.92,3.62,3.4,3.21,3.12,2.99,2.95,2.96,3.04,3.24,3.24,3.43,3.58,3.65,4.06,4.59,4.76,39.0,71.0
TKM,Turkmenistan,Agriculture,All GHG,MtCO₂e,11.22,12.02,11.81,11.87,11.8,12.26,11.64,11.35,11.19,10.57,10.75,10.58,10.8,9.66,10.18,9.37,8.8,8.45,7.31,6.08,6.05,5.1,4.5,4.46,5.13,5.01,4.82,4.62,3.76,5.97,6.18,40.0,60.0
TLS,Timor-Leste,Agriculture,All GHG,MtCO₂e,0.96,1.08,0.97,0.96,0.94,0.96,0.88,0.86,0.91,0.84,0.83,0.86,0.88,0.84,0.86,0.82,0.71,0.82,0.83,0.82,0.63,0.56,0.67,0.64,0.65,0.62,0.6,0.52,0.49,0.49,0.42,-8.55,125.5167
TON,Tonga,Agriculture,All GHG,MtCO₂e,0.08,0.08,0.08,0.08,0.08,0.08,0.08,0.08,0.08,0.07,0.07,0.08,0.08,0.07,0.07,0.07,0.07,0.07,0.07,0.07,0.07,0.07,0.07,0.07,0.07,0.07,0.07,0.08,0.08,0.07,0.07,-20.0,-175.0
TTO,Trinidad and Tobago,Agriculture,All GHG,MtCO₂e,0.3,0.3,0.3,0.3,0.29,0.3,0.29,0.29,0.28,0.27,0.27,0.27,0.26,0.26,0.26,0.26,0.26,0.24,0.26,0.22,0.24,0.21,0.21,0.22,0.23,0.2,0.2,0.21,0.23,0.23,0.23,11.0,-61.0
TUN,Tunisia,Agriculture,All GHG,MtCO₂e,4.57,4.63,4.6,4.51,4.63,4.57,4.61,4.47,4.67,4.71,4.68,4.79,4.59,4.82,4.67,4.64,4.5,4.38,4.37,4.45,4.47,4.37,4.22,3.96,4.23,3.67,3.75,4.09,3.91,3.96,3.62,34.0,9.0
TUR,Türkiye,Agriculture,All GHG,MtCO₂e,57.93,53.91,51.49,47.77,48.18,46.03,45.2,44.7,40.63,37.12,36.38,37.62,35.62,37.14,37.63,36.66,36.0,36.24,36.28,36.78,39.78,40.38,40.74,40.36,40.49,40.38,40.89,43.85,43.13,41.91,44.12,39.0,35.0
TUV,Tuvalu,Agriculture,All GHG,MtCO₂e,0.01,0.01,0.01,0.01,0.01,0.01,0.01,0.01,0.01,0.01,0.01,0.01,0.01,0.01,0.01,0.01,0.01,0.01,0.01,0.01,0.01,0.01,0.01,0.01,0.01,0.01,0.01,0.01,0.01,0.01,0.01,-8.0,178.0
TZA,Tanzania,Agriculture,All GHG,MtCO₂e,61.36,58.23,56.6,56.06,57.99,58.08,55.68,54.71,52.44,50.77,48.95,46.48,46.03,44.32,41.92,44.96,42.64,43.99,39.92,36.1,35.09,37.81,36.87,33.4,33.74,35.89,32.69,32.63,32.27,32.27,32.07,-6.0,35.0
UGA,Uganda,Agriculture,All GHG,MtCO₂e,28.57,27.23,26.9,26.47,26.03,26.41,25.47,24.98,25.08,23.63,23.94,22.54,22.71,16.74,14.59,16.47,14.97,15.16,13.62,13.15,12.94,12.8,13.48,12.53,11.84,11.44,11.2,11.5,11.2,11.01,10.62,1.0,32.0
UKR,Ukraine,Agriculture,All GHG,MtCO₂e,32.34,32.02,31.84,31.78,31.19,30.36,32.21,32.89,30.82,31.46,30.27,30.13,32.73,32.06,32.51,33.26,35.48,38.62,40.11,39.55,41.85,44.45,47.87,55.38,60.68,68.28,74.32,77.66,84.0,93.3,96.71,49.0,32.0
URY,Uruguay,Agriculture,All GHG,MtCO₂e,25.93,26.29,26.32,26.93,27.37,27.06,27.45,27.2,27.13,27.27,27.15,28.24,28.67,28.09,28.71,27.58,27.39,26.56,25.66,24.93,24.79,25.4,25.43,26.1,26.53,26.01,26.25,26.19,25.42,24.26,23.21,-33.0,-56.0
USA,United States,Agriculture,All GHG,MtCO₂e,382.01,380.18,382.55,378.28,379.46,368.77,368.09,368.61,370.46,374.64,375.54,373.12,371.9,376.38,376.12,369.67,370.05,371.58,364.98,365.56,367.58,373.26,375.82,377.52,378.86,374.32,376.02,366.09,364.95,357.43,356.32,38.0,-97.0
UZB,Uzbekistan,Agriculture,All GHG,MtCO₂e,36.1,35.74,35.29,34.7,34.04,31.72,30.67,29.4,28.26,26.84,25.56,24.07,22.41,21.34,20.43,19.41,18.29,18.07,17.51,17.15,17.32,17.92,17.86,18.06,15.58,16.68,16.58,16.43,16.66,20.95,21.71,41.0,64.0
VCT,Saint Vincent and the Grenadines,Agriculture,All GHG,MtCO₂e,0.01,0.01,0.01,0.01,0.01,0.01,0.01,0.02,0.02,0.02,0.02,0.02,0.02,0.02,0.02,0.02,0.02,0.02,0.02,0.02,0.02,0.02,0.02,0.02,0.02,0.02,0.02,0.02,0.02,0.02,0.02,13.25,-61.2
VEN,Venezuela,Agriculture,All GHG,MtCO₂e,39.0,37.95,37.49,37.91,38.78,39.63,40.32,40.37,39.97,34.77,35.03,40.69,40.82,39.88,38.96,39.26,37.9,37.5,36.16,36.05,34.72,33.48,33.43,32.83,32.47,33.03,32.71,31.74,32.38,32.32,31.4,8.0,-66.0
VNM,Vietnam,Agriculture,All GHG,MtCO₂e,70.27,68.5,70.67,70.82,70.77,71.71,68.92,70.52,67.51,66.48,67.74,70.15,64.99,67.57,66.27,65.56,65.84,64.24,62.5,61.19,63.76,62.59,60.5,57.25,56.92,54.21,53.29,50.68,49.44,48.46,46.0,16.0,106.0
VUT,Vanuatu,Agriculture,All GHG,MtCO₂e,0.29,0.31,0.34,0.34,0.33,0.42,0.47,0.47,0.46,0.46,0.45,0.43,0.47,0.46,0.39,0.38,0.37,0.37,0.35,0.35,0.37,0.4,0.4,0.4,0.4,0.4,0.4,0.39,0.37,0.34,0.33,-16.0,167.0
WSM,Samoa,Agriculture,All GHG,MtCO₂e,0.17,0.14,0.19,0.18,0.19,0.21,0.2,0.2,0.19,0.19,0.18,0.16,0.16,0.16,0.17,0.17,0.17,0.16,0.16,0.16,0.15,0.15,0.15,0.14,0.14,0.14,0.15,0.14,0.14,0.15,0.15,-13.5833,-172.3333
YEM,Yemen,Agriculture,All GHG,MtCO₂e,7.98,8.24,7.33,7.8,7.87,8.0,8.25,8.15,7.95,7.85,7.77,7.58,7.44,7.3,6.9,6.7,6.7,6.54,5.96,5.94,5.65,5.48,5.39,5.15,4.87,4.71,4.64,4.68,4.6,4.5,4.76,15.0,48.0
ZAF,South Africa,Agriculture,All GHG,MtCO₂e,28.59,28.73,29.53,30.74,29.13,30.46,31.71,31.75,32.76,32.22,32.42,32.33,32.35,31.91,30.96,31.99,30.98,31.59,33.42,32.11,33.06,33.06,33.33,32.64,32.21,30.7,30.92,31.65,31.91,32.55,32.37,-29.0,24.0
ZMB,Zambia,Agriculture,All GHG,MtCO₂e,22.11,22.8,21.88,22.13,23.49,24.03,23.59,24.16,23.74,21.24,22.11,19.97,21.43,21.35,20.74,23.17,22.2,22.25,20.16,18.06,17.66,18.54,19.94,18.2,18.02,19.49,19.77,20.19,20.36,20.24,20.09,-15.0,30.0
ZWE,Zimbabwe,Agriculture,All GHG,MtCO₂e,10.0,10.99,10.94,10.76,10.49,11.43,10.22,11.99,12.47,13.26,12.87,12.07,11.27,11.1,10.68,11.13,11.3,10.83,11.04,12.44,12.11,12.86,12.46,11.77,12.06,9.73,9.69,9.36,11.54,10.95,12.45,-20.0,30.0
